feature,mu_mean,mu_hdi95_lo,mu_hdi95_hi,mu_hdi95_excludes_zero
anti_pobreza,4.362801003122787,3.5911620496394927,5.134571032553471,True
anti_deuda,-0.15964630975120728,-3.7502676653308384,3.5203225358667654,False
pro_aprobacion,-0.26708994613451026,-0.7273203130142497,0.16718847189925906,False
pro_crecimiento,-0.02769002753128958,-2.6341418596246347,3.120708657541148,False
anti_desviacion_inflacion,0.8287021630699697,-2.4150184665343493,4.421539482706867,False
pro_confianza,0.004418669425642604,-3.8069855169291995,3.8738493030983303,False
